adjust,budget_liquid,bundle_position,bundle_water,monkey_final_bid,offer_value,reward_liquid,task_failure,win
515,1.2,1,0.4,0.536458333333333,1,0,NaN,1
455,1.2,1,0.4,0.473958333333333,3,0,NaN,1
520,0.6,0,0.5,0.541666666666667,3,0.75,NaN,1
420,1.2,1,0.1,0.4375,2,0,NaN,1
340,1.2,1,0.6,0.354166666666667,1,0,NaN,1
440,0.48,0,0.6,0.458333333333333,3,0.75,NaN,1
415,1.08,0,0.1,0.432291666666667,3,0.75,NaN,1
330,1.2,1,0.4,0.34375,3,0,NaN,1
350,1.2,1,0.2,0.364583333333333,2,0,NaN,1
327,1.2,1,0.6,0.340625,1,0,NaN,1
370,1.2,1,1,0.385416666666667,3,0,NaN,1
400,0.48,0,0.6,0.416666666666667,3,0.75,NaN,1
425,1.2,1,0.9,0.442708333333333,1,0,NaN,1
425,0.24,0,0.8,0.442708333333333,3,0.75,NaN,1
355,1.2,1,0.4,0.369791666666667,1,0,NaN,1
405,0.96,0,0.2,0.421875,3,0.75,NaN,1
375,1.2,1,0.5,0.390625,1,0,NaN,1
475,1.2,1,0.9,0.494791666666667,3,0,NaN,1
370,0.84,0,0.3,0.385416666666667,2,0.45,NaN,1
365,0.72,0,0.4,0.380208333333333,1,0.15,NaN,1
732,0.12,0,0.9,0.7625,3,0.75,NaN,1
440,0.6,0,0.5,0.458333333333333,3,0.75,NaN,1
405,0.84,0,0.3,0.421875,3,0.75,NaN,1
425,1.2,1,0.8,0.442708333333333,2,0,NaN,1
395,1.2,1,0.9,0.411458333333333,1,0,NaN,1
545,1.2,1,0.3,0.567708333333333,1,0,NaN,1
580,1.2,1,0.1,0.604166666666667,3,0,NaN,1
495,1.2,1,0.5,0.515625,1,0,NaN,1
515,0.48,0,0.6,0.536458333333333,1,0.15,NaN,1
302,1.2,1,0.7,0.314583333333333,3,0,NaN,1
355,0.6,0,0.5,0.369791666666667,1,0.15,NaN,1
335,0.12,0,0.9,0.348958333333333,2,0.45,NaN,1
276,1.2,1,0.6,0.2875,3,0,NaN,1
440,1.2,1,1,0.458333333333333,2,0,NaN,1
490,1.2,1,0.5,0.510416666666667,1,0,NaN,1
450,1.2,1,0.4,0.46875,3,0,NaN,1
345,0.24,0,0.8,0.359375,1,0.15,NaN,1
370,0.6,0,0.5,0.385416666666667,2,0.45,NaN,1
355,1.2,1,0.1,0.369791666666667,2,0,NaN,1
555,0.12,0,0.9,0.578125,3,0.75,NaN,1
665,0.48,0,0.6,0.692708333333333,2,0.45,NaN,1
360,1.2,1,0.1,0.375,1,0,NaN,1
365,0.96,0,0.2,0.380208333333333,2,0.45,NaN,1
605,0.36,0,0.7,0.630208333333333,1,0.15,NaN,1
430,1.2,1,0.3,0.447916666666667,2,0,NaN,1
505,0.36,0,0.7,0.526041666666667,2,0.45,NaN,1
390,1.2,1,1,0.40625,1,0,NaN,1
545,0.96,0,0.2,0.567708333333333,3,0.75,NaN,1
360,1.2,1,0.9,0.375,1,0,NaN,1
630,0.48,0,0.6,0.65625,1,0.15,NaN,1
660,0.24,0,0.8,0.6875,2,0.45,NaN,1
420,0.48,0,0.6,0.4375,2,0.45,NaN,1
